Workbook

Sheet pooled
A1: FF | B1: POLYMER | C1: LIG | D1: REPLICA | E1: D | F1: emp sem
A2: OPLSAA | B2: PEF | C2: WAT | D2: m | E2: 6.1102e-09 | F2: 6.7737e-10
A3: OPLSAA | B3: PEF | C3: OXM | D3: m | E3: 2.5332e-09 | F3: 3.2332e-10
A4: OPLSAA | B4: PET | C4: WAT | D4: m | E4: 5.527e-09 | F4: 5.3237e-10
A5: OPLSAA | B5: PET | C5: OXM | D5: m | E5: 3.2229e-09 | F5: 4.1218e-10
A6: QMFF | B6: PEF | C6: WAT | D6: m | E6: 1.8833e-09 | F6: 2.661e-10
A7: QMFF | B7: PEF | C7: OXM | D7: m | E7: 7.9223e-09 | F7: 8.6322e-10
A8: QMFF | B8: PET | C8: WAT | D8: m | E8: 1.9771e-09 | F8: 2.7637e-10
A9: QMFF | B9: PET | C9: OXM | D9: m | E9: 4.7535e-09 | F9: 5.163e-10
A13: OPLSAA | B13: WAT/OXM ratio | D13: PEF | E13: =E2/E3 -> 2.412048
D14: PET | E14: =E4/E5 -> 1.7149151
A15: QMFF | B15: WAT/OXM ratio | D15: PEF | E15: =E6/E7 -> 0.23772137
D16: PET | E16: =E8/E9 -> 0.41592511
A19: OPLSAA | B19: PET/PEF ratio | D19: WAT | E19: =E4/E2 -> 0.90455304
D20: OXM | E20: =E5/E3 -> 1.2722643
A21: QMFF | B21: PET/PEF ratio | D21: WAT | E21: =E8/E6 -> 1.0498062
D22: OXM | E22: =E9/E7 -> 0.60001515

Sheet run_avg
A1: FF | B1: POLYMER | C1: LIG | D1: REPLICA | E1: D | F1: std
A2: OPLSAA | B2: PEF | C2: WAT | D2: avg | E2: =AVERAGE(run_0!E2,run_1!E2,run_2!E2) -> 5.9756e-09 | F2: =_xlfn.STDEV.P(run_0!E2,run_1!E2,run_2!E2) -> 2.3475421e-09
A3: OPLSAA | B3: PEF | C3: OXM | D3: avg | E3: =AVERAGE(run_0!E3,run_1!E3,run_2!E3) -> 2.2344667e-09 | F3: =_xlfn.STDEV.P(run_0!E3,run_1!E3,run_2!E3) -> 8.6506072e-10
A4: OPLSAA | B4: PET | C4: WAT | D4: avg | E4: =AVERAGE(run_0!E4,run_1!E4,run_2!E4) -> 5.0124333e-09 | F4: =_xlfn.STDEV.P(run_0!E4,run_1!E4,run_2!E4) -> 1.6220293e-09
A5: OPLSAA | B5: PET | C5: OXM | D5: avg | E5: =AVERAGE(run_0!E5,run_1!E5,run_2!E5) -> 3.4202667e-09 | F5: =_xlfn.STDEV.P(run_0!E5,run_1!E5,run_2!E5) -> 6.0840965e-10
A6: QMFF | B6: PEF | C6: WAT | D6: avg | E6: =AVERAGE(run_0!E6,run_1!E6,run_2!E6) -> 1.4514067e-09 | F6: =_xlfn.STDEV.P(run_0!E6,run_1!E6,run_2!E6) -> 8.9200339e-10
A7: QMFF | B7: PEF | C7: OXM | D7: avg | E7: =AVERAGE(run_0!E7,run_1!E7,run_2!E7) -> 8.2747e-09 | F7: =_xlfn.STDEV.P(run_0!E7,run_1!E7,run_2!E7) -> 2.0521491e-09
A8: QMFF | B8: PET | C8: WAT | D8: avg | E8: =AVERAGE(run_0!E8,run_1!E8,run_2!E8) -> 2.0736667e-09 | F8: =_xlfn.STDEV.P(run_0!E8,run_1!E8,run_2!E8) -> 2.2809452e-10
A9: QMFF | B9: PET | C9: OXM | D9: avg | E9: =AVERAGE(run_0!E9,run_1!E9,run_2!E9) -> 4.3483333e-09 | F9: =_xlfn.STDEV.P(run_0!E9,run_1!E9,run_2!E9) -> 5.050449e-10
A13: OPLSAA | B13: WAT/OXM ratio | D13: PEF | E13: =E2/E3 -> 2.6742847
D14: PET | E14: =E4/E5 -> 1.4655095
A15: QMFF | B15: WAT/OXM ratio | D15: PEF | E15: =E6/E7 -> 0.17540294
D16: PET | E16: =E8/E9 -> 0.4768877
A19: OPLSAA | B19: PET/PEF ratio | D19: WAT | E19: =E4/E2 -> 0.83881674
D20: OXM | E20: =E5/E3 -> 1.5306859
A21: QMFF | B21: PET/PEF ratio | D21: WAT | E21: =E8/E6 -> 1.4287289
D22: OXM | E22: =E9/E7 -> 0.5254974

Sheet run_0
A1: FF | B1: POLYMER | C1: LIG | D1: REPLICA | E1: D | F1: emp sem
A2: OPLSAA | B2: PEF | C2: WAT | D2: 0 | E2: 3.6527e-09 | F2: 7.5336e-10
A3: OPLSAA | B3: PEF | C3: OXM | D3: 0 | E3: 1.9609e-09 | F3: 3.7243e-10
A4: OPLSAA | B4: PET | C4: WAT | D4: 0 | E4: 2.7307e-09 | F4: 5.8004e-10
A5: OPLSAA | B5: PET | C5: OXM | D5: 0 | E5: 2.5664e-09 | F5: 5.9827e-10
A6: QMFF | B6: PEF | C6: WAT | D6: 0 | E6: 2.0642e-10 | F6: 2.0642e-10
A7: QMFF | B7: PEF | C7: OXM | D7: 0 | E7: 1.102e-08 | F7: 1.9419e-09
A8: QMFF | B8: PET | C8: WAT | D8: 0 | E8: 2.0861e-09 | F8: 4.0579e-10
A9: QMFF | B9: PET | C9: OXM | D9: 0 | E9: 3.6755e-09 | F9: 8.5483e-10
A13: OPLSAA | B13: WAT/OXM ratio | D13: PEF | E13: =E2/E3 -> 1.8627671
D14: PET | E14: =E4/E5 -> 1.0640196
A15: QMFF | B15: WAT/OXM ratio | D15: PEF | E15: =E6/E7 -> 0.018731397
D16: PET | E16: =E8/E9 -> 0.56756904
A19: OPLSAA | B19: PET/PEF ratio | D19: WAT | E19: =E4/E2 -> 0.74758398
D20: OXM | E20: =E5/E3 -> 1.3087868
A21: QMFF | B21: PET/PEF ratio | D21: WAT | E21: =E8/E6 -> 10.106094
D22: OXM | E22: =E9/E7 -> 0.33352995

Sheet run_1
A1: FF | B1: POLYMER | C1: LIG | D1: REPLICA | E1: D | F1: emp sem
A2: OPLSAA | B2: PEF | C2: WAT | D2: 1 | E2: 9.1912e-09 | F2: 1.3166e-09
A3: OPLSAA | B3: PEF | C3: OXM | D3: 1 | E3: 3.4039e-09 | F3: 5.3923e-10
A4: OPLSAA | B4: PET | C4: WAT | D4: 1 | E4: 5.949e-09 | F4: 1.239e-09
A5: OPLSAA | B5: PET | C5: OXM | D5: 1 | E5: 3.7554e-09 | F5: 6.845e-10
A6: QMFF | B6: PEF | C6: WAT | D6: 1 | E6: 1.8978e-09 | F6: 4.0019e-10
A7: QMFF | B7: PEF | C7: OXM | D7: 1 | E7: 6.0869e-09 | F7: 1.1274e-09
A8: QMFF | B8: PET | C8: WAT | D8: 1 | E8: 2.3466e-09 | F8: 4.4171e-10
A9: QMFF | B9: PET | C9: OXM | D9: 1 | E9: 4.8923e-09 | F9: 7.9357e-10
A13: OPLSAA | B13: WAT/OXM ratio | D13: PEF | E13: =E2/E3 -> 2.7001968
D14: PET | E14: =E4/E5 -> 1.5841189
A15: QMFF | B15: WAT/OXM ratio | D15: PEF | E15: =E6/E7 -> 0.31178432
D16: PET | E16: =E8/E9 -> 0.4796517
A19: OPLSAA | B19: PET/PEF ratio | D19: WAT | E19: =E4/E2 -> 0.64724954
D20: OXM | E20: =E5/E3 -> 1.1032639
A21: QMFF | B21: PET/PEF ratio | D21: WAT | E21: =E8/E6 -> 1.2364844
D22: OXM | E22: =E9/E7 -> 0.80374246

Sheet run_2
A1: FF | B1: POLYMER | C1: LIG | D1: REPLICA | E1: D | F1: emp sem
A2: OPLSAA | B2: PEF | C2: WAT | D2: 2 | E2: 5.0829e-09 | F2: 8.18e-10
A3: OPLSAA | B3: PEF | C3: OXM | D3: 2 | E3: 1.3386e-09 | F3: 7.0284e-10
A4: OPLSAA | B4: PET | C4: WAT | D4: 2 | E4: 6.3576e-09 | F4: 9.0472e-10
A5: OPLSAA | B5: PET | C5: OXM | D5: 2 | E5: 3.939e-09 | F5: 8.0244e-10
A6: QMFF | B6: PEF | C6: WAT | D6: 2 | E6: 2.25e-09 | F6: 5.2835e-10
A7: QMFF | B7: PEF | C7: OXM | D7: 2 | E7: 7.7172e-09 | F7: 1.6162e-09
A8: QMFF | B8: PET | C8: WAT | D8: 2 | E8: 1.7883e-09 | F8: 4.7046e-10
A9: QMFF | B9: PET | C9: OXM | D9: 2 | E9: 4.4772e-09 | F9: 7.6381e-10
A13: OPLSAA | B13: WAT/OXM ratio | D13: PEF | E13: =E2/E3 -> 3.7971762
D14: PET | E14: =E4/E5 -> 1.6140137
A15: QMFF | B15: WAT/OXM ratio | D15: PEF | E15: =E6/E7 -> 0.29155652
D16: PET | E16: =E8/E9 -> 0.39942375
A19: OPLSAA | B19: PET/PEF ratio | D19: WAT | E19: =E4/E2 -> 1.250782
D20: OXM | E20: =E5/E3 -> 2.9426266
A21: QMFF | B21: PET/PEF ratio | D21: WAT | E21: =E8/E6 -> 0.7948
D22: OXM | E22: =E9/E7 -> 0.58015861
